p_header, p_value, plateau_index, start_r_px, end_r_px, start_r_norm, end_r_norm, tread_px, level_eff01, riser_to_next01, delta_tread_to_prev, tread_ratio_to_prev, log2_tread_ratio_to_prev
0_1     ,     0.1,             1,          0,     3972,       0     ,    49.65  ,     3973, 0.1        ,     0.025      ,                    ,                    , 
0_1     ,     0.1,             2,       3973,     6699,      49.6625,    83.7375,     2727, 0.075      ,     0.025      , -1246              ,          0.68638309, -0.54291409
0_1     ,     0.1,             3,       6700,     8000,      83.75  ,   100     ,     1301, 0.05       ,                , -1426              ,          0.47708104, -1.06769374
0_2     ,     0.2,             1,          0,     1638,       0     ,    20.475 ,     1639, 0.2        ,     0.02       ,                    ,                    , 
0_2     ,     0.2,             2,       1639,     3534,      20.4875,    44.175 ,     1896, 0.18       ,     0.02       , 257                ,          1.15680293, 0.21014311
0_2     ,     0.2,             3,       3535,     4650,      44.1875,    58.125 ,     1116, 0.16       ,     0.02       , -780               ,          0.58860759, -0.76462194
0_2     ,     0.2,             4,       4651,     5585,      58.1375,    69.8125,      935, 0.14       ,     0.02       , -181               ,          0.83781362, -0.25529876
0_2     ,     0.2,             5,       5586,     6374,      69.825 ,    79.675 ,      789, 0.12       ,     0.02       , -146               ,          0.84385027, -0.24494106
0_2     ,     0.2,             6,       6375,     7101,      79.6875,    88.7625,      727, 0.1        ,     0.02       , -62                ,          0.92141952, -0.11806994
0_2     ,     0.2,             7,       7102,     7794,      88.775 ,    97.425 ,      693, 0.08       ,     0.02       , -34                ,          0.95323246, -0.06910001
0_2     ,     0.2,             8,       7795,     8000,      97.4375,   100     ,      206, 0.06       ,                , -487               ,          0.2972583 , -1.75021101
0_3     ,     0.3,             1,          0,      818,       0     ,    10.225 ,      819, 0.3        ,     0.016666668,                    ,                    , 
0_3     ,     0.3,             2,        819,     2231,      10.2375,    27.8875,     1413, 0.283333332,     0.016666665, 594                ,          1.72527473, 0.78682611
0_3     ,     0.3,             3,       2232,     3243,      27.9   ,    40.5375,     1012, 0.266666667,     0.016666668, -401               ,          0.71620665, -0.48155218
0_3     ,     0.3,             4,       3244,     3770,      40.55  ,    47.125 ,      527, 0.249999999,     0.016666665, -485               ,          0.52075099, -0.94133442
0_3     ,     0.3,             5,       3771,     4297,      47.1375,    53.7125,      527, 0.233333334,     0.016666668, 0                  ,          1         , 0
0_3     ,     0.3,             6,       4298,     4803,      53.725 ,    60.0375,      506, 0.216666666,     0.016666665, -21                ,          0.9601518 , -0.05866558
0_3     ,     0.3,             7,       4804,     5260,      60.05  ,    65.75  ,      457, 0.200000001,     0.016666668, -49                ,          0.90316206, -0.14694322
0_3     ,     0.3,             8,       5261,     5681,      65.7625,    71.0125,      421, 0.183333333,     0.016666665, -36                ,          0.92122538, -0.11837393
0_3     ,     0.3,             9,       5682,     6066,      71.025 ,    75.825 ,      385, 0.166666668,     0.016666668, -36                ,          0.91448931, -0.12896179
0_3     ,     0.3,            10,       6067,     6437,      75.8375,    80.4625,      371, 0.15       ,     0.016666668, -14                ,          0.96363636, -0.05343926
0_3     ,     0.3,            11,       6438,     6795,      80.475 ,    84.9375,      358, 0.133333332,     0.016666665, -13                ,          0.96495957, -0.0514596
0_3     ,     0.3,            12,       6796,     7145,      84.95  ,    89.3125,      350, 0.116666667,     0.016666668, -8                 ,          0.97765363, -0.03260467
0_3     ,     0.3,            13,       7146,     7487,      89.325 ,    93.5875,      342, 0.099999999,     0.016666665, -8                 ,          0.97714286, -0.0333586
0_3     ,     0.3,            14,       7488,     7825,      93.6   ,    97.8125,      338, 0.083333334,     0.016666668, -4                 ,          0.98830409, -0.01697308
0_3     ,     0.3,            15,       7826,     8000,      97.825 ,   100     ,      175, 0.066666666,                , -163               ,          0.51775148, -0.94966832
0_4     ,     0.4,             1,          0,      839,       0     ,    10.4875,      840, 0.4        ,     0.014285716,                    ,                    , 
0_4     ,     0.4,             2,        840,     1729,      10.5   ,    21.6125,      890, 0.385714284,     0.014285712, 50                 ,          1.05952381, 0.08341601
0_4     ,     0.4,             3,       1730,     2626,      21.625 ,    32.825 ,      897, 0.371428572,     0.014285716, 7                  ,          1.00786517, 0.01130265
0_4     ,     0.4,             4,       2627,     3176,      32.8375,    39.7   ,      550, 0.357142856,     0.014285712, -347               ,          0.61315496, -0.70567637
0_4     ,     0.4,             5,       3177,     3478,      39.7125,    43.475 ,      302, 0.342857144,     0.014285716, -248               ,          0.54909091, -0.86488307
0_4     ,     0.4,             6,       3479,     3778,      43.4875,    47.225 ,      300, 0.328571428,     0.014285712, -2                 ,          0.99337748, -0.00958605
0_4     ,     0.4,             7,       3779,     4078,      47.2375,    50.975 ,      300, 0.314285716,     0.014285716, 0                  ,          1         , 0
0_4     ,     0.4,             8,       4079,     4377,      50.9875,    54.7125,      299, 0.3        ,     0.014285716, -1                 ,          0.99666667, -0.00481702
0_4     ,     0.4,             9,       4378,     4668,      54.725 ,    58.35  ,      291, 0.285714284,     0.014285712, -8                 ,          0.97324415, -0.03912633
0_4     ,     0.4,            10,       4669,     4941,      58.3625,    61.7625,      273, 0.271428572,     0.014285716, -18                ,          0.93814433, -0.0921182
0_4     ,     0.4,            11,       4942,     5202,      61.775 ,    65.025 ,      261, 0.257142856,     0.014285712, -12                ,          0.95604396, -0.06485114
0_4     ,     0.4,            12,       5203,     5451,      65.0375,    68.1375,      249, 0.242857144,     0.014285716, -12                ,          0.95402299, -0.06790406
0_4     ,     0.4,            13,       5452,     5689,      68.15  ,    71.1125,      238, 0.228571428,     0.014285712, -11                ,          0.95582329, -0.06518417
0_4     ,     0.4,            14,       5690,     5910,      71.125 ,    73.875 ,      221, 0.214285716,     0.014285716, -17                ,          0.92857143, -0.1069152
0_4     ,     0.4,            15,       5911,     6127,      73.8875,    76.5875,      217, 0.2        ,     0.014285716, -4                 ,          0.98190045, -0.02635133
0_4     ,     0.4,            16,       6128,     6339,      76.6   ,    79.2375,      212, 0.185714284,     0.014285712, -5                 ,          0.97695853, -0.03363078
0_4     ,     0.4,            17,       6340,     6548,      79.25  ,    81.85  ,      209, 0.171428572,     0.014285716, -3                 ,          0.98584906, -0.02056132
0_4     ,     0.4,            18,       6549,     6752,      81.8625,    84.4   ,      204, 0.157142856,     0.014285712, -5                 ,          0.97607656, -0.03493379
0_4     ,     0.4,            19,       6753,     6954,      84.4125,    86.925 ,      202, 0.142857144,     0.014285716, -2                 ,          0.99019608, -0.01421386
0_4     ,     0.4,            20,       6955,     7154,      86.9375,    89.425 ,      200, 0.128571428,     0.014285712, -2                 ,          0.99009901, -0.01435529
0_4     ,     0.4,            21,       7155,     7351,      89.4375,    91.8875,      197, 0.114285716,     0.014285716, -3                 ,          0.985     , -0.02180437
0_4     ,     0.4,            22,       7352,     7547,      91.9   ,    94.3375,      196, 0.1        ,     0.014285716, -1                 ,          0.99492386, -0.00734198
0_4     ,     0.4,            23,       7548,     7741,      94.35  ,    96.7625,      194, 0.085714284,     0.014285712, -2                 ,          0.98979592, -0.014797
0_4     ,     0.4,            24,       7742,     7933,      96.775 ,    99.1625,      192, 0.071428572,     0.014285716, -2                 ,          0.98969072, -0.01495034
0_4     ,     0.4,            25,       7934,     8000,      99.175 ,   100     ,       67, 0.057142856,                , -125               ,          0.34895833, -1.51887331
0_5     ,     0.5,             1,          0,       58,       0     ,     0.725 ,       59, 0.5        ,     0.01190476 ,                    ,                    , 
0_5     ,     0.5,             2,         59,      671,       0.7375,     8.3875,      613, 0.48809524 ,     0.011904765, 554                ,         10.38983051, 3.37710021
0_5     ,     0.5,             3,        672,     1285,       8.4   ,    16.0625,      614, 0.476190475,     0.01190476 , 1                  ,          1.00163132, 0.00235158
0_5     ,     0.5,             4,       1286,     1901,      16.075 ,    23.7625,      616, 0.464285715,     0.011904765, 2                  ,          1.00325733, 0.0046917
0_5     ,     0.5,             5,       1902,     2519,      23.775 ,    31.4875,      618, 0.45238095 ,     0.01190476 , 2                  ,          1.00324675, 0.00467649
0_5     ,     0.5,             6,       2520,     3042,      31.5   ,    38.025 ,      523, 0.44047619 ,     0.01190476 , -95                ,          0.84627832, -0.24079589
0_5     ,     0.5,             7,       3043,     3237,      38.0375,    40.4625,      195, 0.42857143 ,     0.011904765, -328               ,          0.37284895, -1.42333682
0_5     ,     0.5,             8,       3238,     3431,      40.475 ,    42.8875,      194, 0.416666665,     0.01190476 , -1                 ,          0.99487179, -0.00741747
0_5     ,     0.5,             9,       3432,     3625,      42.9   ,    45.3125,      194, 0.404761905,     0.01190476 , 0                  ,          1         , 0
0_5     ,     0.5,            10,       3626,     3818,      45.325 ,    47.725 ,      193, 0.392857145,     0.011904765, -1                 ,          0.99484536, -0.0074558
0_5     ,     0.5,            11,       3819,     4010,      47.7375,    50.125 ,      192, 0.38095238 ,     0.01190476 , -1                 ,          0.99481865, -0.00749454
0_5     ,     0.5,            12,       4011,     4201,      50.1375,    52.5125,      191, 0.36904762 ,     0.011904765, -1                 ,          0.99479167, -0.00753367
0_5     ,     0.5,            13,       4202,     4392,      52.525 ,    54.9   ,      191, 0.357142855,     0.01190476 , 0                  ,          1         , 0
0_5     ,     0.5,            14,       4393,     4579,      54.9125,    57.2375,      187, 0.345238095,     0.01190476 , -4                 ,          0.97905759, -0.03053437
0_5     ,     0.5,            15,       4580,     4758,      57.25  ,    59.475 ,      179, 0.333333335,     0.011904765, -8                 ,          0.95721925, -0.06307868
0_5     ,     0.5,            16,       4759,     4932,      59.4875,    61.65  ,      174, 0.32142857 ,     0.01190476 , -5                 ,          0.97206704, -0.04087228
0_5     ,     0.5,            17,       4933,     5100,      61.6625,    63.75  ,      168, 0.30952381 ,     0.01190476 , -6                 ,          0.96551724, -0.05062607
0_5     ,     0.5,            18,       5101,     5263,      63.7625,    65.7875,      163, 0.29761905 ,     0.011904765, -5                 ,          0.9702381 , -0.04358927
0_5     ,     0.5,            19,       5264,     5422,      65.8   ,    67.775 ,      159, 0.285714285,     0.01190476 , -4                 ,          0.97546012, -0.0358452
0_5     ,     0.5,            20,       5423,     5577,      67.7875,    69.7125,      155, 0.273809525,     0.011904765, -4                 ,          0.97484277, -0.03675855
0_5     ,     0.5,            21,       5578,     5723,      69.725 ,    71.5375,      146, 0.26190476 ,     0.01190476 , -9                 ,          0.94193548, -0.08629985
0_5     ,     0.5,            22,       5724,     5863,      71.55  ,    73.2875,      140, 0.25       ,     0.01190476 , -6                 ,          0.95890411, -0.06054154
0_5     ,     0.5,            23,       5864,     6001,      73.3   ,    75.0125,      138, 0.23809524 ,     0.011904765, -2                 ,          0.98571429, -0.02075856
0_5     ,     0.5,            24,       6002,     6137,      75.025 ,    76.7125,      136, 0.226190475,     0.01190476 , -2                 ,          0.98550725, -0.02106162
0_5     ,     0.5,            25,       6138,     6271,      76.725 ,    78.3875,      134, 0.214285715,     0.011904765, -2                 ,          0.98529412, -0.02137365
0_5     ,     0.5,            26,       6272,     6403,      78.4   ,    80.0375,      132, 0.20238095 ,     0.01190476 , -2                 ,          0.98507463, -0.02169507
0_5     ,     0.5,            27,       6404,     6534,      80.05  ,    81.675 ,      131, 0.19047619 ,     0.01190476 , -1                 ,          0.99242424, -0.01097112
0_5     ,     0.5,            28,       6535,     6664,      81.6875,    83.3   ,      130, 0.17857143 ,     0.011904765, -1                 ,          0.99236641, -0.01105519
0_5     ,     0.5,            29,       6665,     6792,      83.3125,    84.9   ,      128, 0.166666665,     0.01190476 , -2                 ,          0.98461538, -0.02236781
0_5     ,     0.5,            30,       6793,     6919,      84.9125,    86.4875,      127, 0.154761905,     0.01190476 , -1                 ,          0.9921875 , -0.01131531
0_5     ,     0.5,            31,       6920,     7045,      86.5   ,    88.0625,      126, 0.142857145,     0.011904765, -1                 ,          0.99212598, -0.01140476
0_5     ,     0.5,            32,       7046,     7170,      88.075 ,    89.625 ,      125, 0.13095238 ,     0.01190476 , -1                 ,          0.99206349, -0.01149564
0_5     ,     0.5,            33,       7171,     7294,      89.6375,    91.175 ,      124, 0.11904762 ,     0.011904765, -1                 ,          0.992     , -0.01158797
0_5     ,     0.5,            34,       7295,     7417,      91.1875,    92.7125,      123, 0.107142855,     0.01190476 , -1                 ,          0.99193548, -0.01168181
0_5     ,     0.5,            35,       7418,     7540,      92.725 ,    94.25  ,      123, 0.095238095,     0.01190476 , 0                  ,          1         , 0
0_5     ,     0.5,            36,       7541,     7662,      94.2625,    95.775 ,      122, 0.083333335,     0.011904765, -1                 ,          0.99186992, -0.01177717
0_5     ,     0.5,            37,       7663,     7783,      95.7875,    97.2875,      121, 0.07142857 ,     0.01190476 , -1                 ,          0.99180328, -0.0118741
0_5     ,     0.5,            38,       7784,     7903,      97.3   ,    98.7875,      120, 0.05952381 ,     0.01190476 , -1                 ,          0.99173554, -0.01197264
0_5     ,     0.5,            39,       7904,     8000,      98.8   ,   100     ,       97, 0.04761905 ,                , -23                ,          0.80833333, -0.30697775
0_6     ,     0.6,             1,          0,      150,       0     ,     1.875 ,      151, 0.6        ,     0.010344828,                    ,                    , 
0_6     ,     0.6,             2,        151,      604,       1.8875,     7.55  ,      454, 0.589655172,     0.010344828, 303                ,          3.00662252, 1.58814375
0_6     ,     0.6,             3,        605,     1059,       7.5625,    13.2375,      455, 0.579310344,     0.010344828, 1                  ,          1.00220264, 0.00317425
0_6     ,     0.6,             4,       1060,     1513,      13.25  ,    18.9125,      454, 0.568965516,     0.010344828, -1                 ,          0.9978022 , -0.00317425
0_6     ,     0.6,             5,       1514,     1968,      18.925 ,    24.6   ,      455, 0.558620688,     0.010344828, 1                  ,          1.00220264, 0.00317425
0_6     ,     0.6,             6,       1969,     2422,      24.6125,    30.275 ,      454, 0.54827586 ,     0.010344828, -1                 ,          0.9978022 , -0.00317425
0_6     ,     0.6,             7,       2423,     2876,      30.2875,    35.95  ,      454, 0.537931032,     0.010344828, 0                  ,          1         , 0
0_6     ,     0.6,             8,       2877,     3099,      35.9625,    38.7375,      223, 0.527586204,     0.010344822, -231               ,          0.49118943, -1.02564859
0_6     ,     0.6,             9,       3100,     3235,      38.75  ,    40.4375,      136, 0.517241382,     0.010344828, -87                ,          0.60986547, -0.71343706
0_6     ,     0.6,            10,       3236,     3371,      40.45  ,    42.1375,      136, 0.506896554,     0.010344828, 0                  ,          1         , 0
0_6     ,     0.6,            11,       3372,     3507,      42.15  ,    43.8375,      136, 0.496551726,     0.010344828, 0                  ,          1         , 0
0_6     ,     0.6,            12,       3508,     3642,      43.85  ,    45.525 ,      135, 0.486206898,     0.010344828, -1                 ,          0.99264706, -0.01064724
0_6     ,     0.6,            13,       3643,     3776,      45.5375,    47.2   ,      134, 0.47586207 ,     0.010344828, -1                 ,          0.99259259, -0.01072641
0_6     ,     0.6,            14,       3777,     3910,      47.2125,    48.875 ,      134, 0.465517242,     0.010344828, 0                  ,          1         , 0
0_6     ,     0.6,            15,       3911,     4043,      48.8875,    50.5375,      133, 0.455172414,     0.010344828, -1                 ,          0.99253731, -0.01080675
0_6     ,     0.6,            16,       4044,     4176,      50.55  ,    52.2   ,      133, 0.444827586,     0.010344828, 0                  ,          1         , 0
0_6     ,     0.6,            17,       4177,     4308,      52.2125,    53.85  ,      132, 0.434482758,     0.010344828, -1                 ,          0.9924812 , -0.01088832
0_6     ,     0.6,            18,       4309,     4440,      53.8625,    55.5   ,      132, 0.42413793 ,     0.010344828, 0                  ,          1         , 0
0_6     ,     0.6,            19,       4441,     4568,      55.5125,    57.1   ,      128, 0.413793102,     0.010344828, -4                 ,          0.96969697, -0.04439412
0_6     ,     0.6,            20,       4569,     4693,      57.1125,    58.6625,      125, 0.403448274,     0.010344828, -3                 ,          0.9765625 , -0.03421572
0_6     ,     0.6,            21,       4694,     4815,      58.675 ,    60.1875,      122, 0.393103446,     0.010344828, -3                 ,          0.976     , -0.03504695
0_6     ,     0.6,            22,       4816,     4934,      60.2   ,    61.675 ,      119, 0.382758618,     0.010344822, -3                 ,          0.97540984, -0.03591957
0_6     ,     0.6,            23,       4935,     5050,      61.6875,    63.125 ,      116, 0.372413796,     0.010344828, -3                 ,          0.97478992, -0.03683677
0_6     ,     0.6,            24,       5051,     5164,      63.1375,    64.55  ,      114, 0.362068968,     0.010344828, -2                 ,          0.98275862, -0.02509098
0_6     ,     0.6,            25,       5165,     5276,      64.5625,    65.95  ,      112, 0.35172414 ,     0.010344828, -2                 ,          0.98245614, -0.02553509
0_6     ,     0.6,            26,       5277,     5385,      65.9625,    67.3125,      109, 0.341379312,     0.010344828, -3                 ,          0.97321429, -0.0391706
0_6     ,     0.6,            27,       5386,     5493,      67.325 ,    68.6625,      108, 0.331034484,     0.010344828, -1                 ,          0.99082569, -0.01329682
0_6     ,     0.6,            28,       5494,     5599,      68.675 ,    69.9875,      106, 0.320689656,     0.010344828, -2                 ,          0.98148148, -0.02696705
0_6     ,     0.6,            29,       5600,     5698,      70     ,    71.225 ,       99, 0.310344828,     0.010344828, -7                 ,          0.93396226, -0.09856383
0_6     ,     0.6,            30,       5699,     5793,      71.2375,    72.4125,       95, 0.3        ,     0.010344828, -4                 ,          0.95959596, -0.05950101
0_6     ,     0.6,            31,       5794,     5887,      72.425 ,    73.5875,       94, 0.289655172,     0.010344828, -1                 ,          0.98947368, -0.01526676
0_6     ,     0.6,            32,       5888,     5980,      73.6   ,    74.75  ,       93, 0.279310344,     0.010344828, -1                 ,          0.9893617 , -0.01543004
0_6     ,     0.6,            33,       5981,     6072,      74.7625,    75.9   ,       92, 0.268965516,     0.010344828, -1                 ,          0.98924731, -0.01559686
0_6     ,     0.6,            34,       6073,     6163,      75.9125,    77.0375,       91, 0.258620688,     0.010344828, -1                 ,          0.98913043, -0.01576732
0_6     ,     0.6,            35,       6164,     6253,      77.05  ,    78.1625,       90, 0.24827586 ,     0.010344828, -1                 ,          0.98901099, -0.01594154
0_6     ,     0.6,            36,       6254,     6342,      78.175 ,    79.275 ,       89, 0.237931032,     0.010344828, -1                 ,          0.98888889, -0.01611967
0_6     ,     0.6,            37,       6343,     6431,      79.2875,    80.3875,       89, 0.227586204,     0.010344822, 0                  ,          1         , 0
0_6     ,     0.6,            38,       6432,     6518,      80.4   ,    81.475 ,       87, 0.217241382,     0.010344828, -2                 ,          0.97752809, -0.03278994
0_6     ,     0.6,            39,       6519,     6606,      81.4875,    82.575 ,       88, 0.206896554,     0.010344828, 1                  ,          1.01149425, 0.01648812
0_6     ,     0.6,            40,       6607,     6692,      82.5875,    83.65  ,       86, 0.196551726,     0.010344828, -2                 ,          0.97727273, -0.03316686
0_6     ,     0.6,            41,       6693,     6778,      83.6625,    84.725 ,       86, 0.186206898,     0.010344828, 0                  ,          1         , 0
0_6     ,     0.6,            42,       6779,     6863,      84.7375,    85.7875,       85, 0.17586207 ,     0.010344828, -1                 ,          0.98837209, -0.01687382
0_6     ,     0.6,            43,       6864,     6948,      85.8   ,    86.85  ,       85, 0.165517242,     0.010344828, 0                  ,          1         , 0
0_6     ,     0.6,            44,       6949,     7032,      86.8625,    87.9   ,       84, 0.155172414,     0.010344828, -1                 ,          0.98823529, -0.01707351
0_6     ,     0.6,            45,       7033,     7116,      87.9125,    88.95  ,       84, 0.144827586,     0.010344828, 0                  ,          1         , 0
0_6     ,     0.6,            46,       7117,     7199,      88.9625,    89.9875,       83, 0.134482758,     0.010344828, -1                 ,          0.98809524, -0.01727799
0_6     ,     0.6,            47,       7200,     7281,      90     ,    91.0125,       82, 0.12413793 ,     0.010344828, -1                 ,          0.98795181, -0.01748743
0_6     ,     0.6,            48,       7282,     7364,      91.025 ,    92.05  ,       83, 0.113793102,     0.010344828, 1                  ,          1.01219512, 0.01748743
0_6     ,     0.6,            49,       7365,     7446,      92.0625,    93.075 ,       82, 0.103448274,     0.010344828, -1                 ,          0.98795181, -0.01748743
0_6     ,     0.6,            50,       7447,     7527,      93.0875,    94.0875,       81, 0.093103446,     0.010344828, -1                 ,          0.98780488, -0.017702
0_6     ,     0.6,            51,       7528,     7608,      94.1   ,    95.1   ,       81, 0.082758618,     0.010344822, 0                  ,          1         , 0
0_6     ,     0.6,            52,       7609,     7689,      95.1125,    96.1125,       81, 0.072413796,     0.010344828, 0                  ,          1         , 0
0_6     ,     0.6,            53,       7690,     7769,      96.125 ,    97.1125,       80, 0.062068968,     0.010344828, -1                 ,          0.98765432, -0.01792191
0_6     ,     0.6,            54,       7770,     7849,      97.125 ,    98.1125,       80, 0.05172414 ,     0.010344828, 0                  ,          1         , 0
0_6     ,     0.6,            55,       7850,     7929,      98.125 ,    99.1125,       80, 0.041379312,     0.010344828, 0                  ,          1         , 0
0_6     ,     0.6,            56,       7930,     8000,      99.125 ,   100     ,       71, 0.031034484,                , -9                 ,          0.8875    , -0.17218098
0_7     ,     0.7,             1,          0,      288,       0     ,     3.6   ,      289, 0.7        ,     0.009090907,                    ,                    , 
0_7     ,     0.7,             2,        289,      645,       3.6125,     8.0625,      357, 0.690909093,     0.009090914, 68                 ,          1.23529412, 0.30485458
0_7     ,     0.7,             3,        646,     1002,       8.075 ,    12.525 ,      357, 0.681818179,     0.009090907, 0                  ,          1         , 0
0_7     ,     0.7,             4,       1003,     1357,      12.5375,    16.9625,      355, 0.672727272,     0.009090907, -2                 ,          0.99439776, -0.00810505
0_7     ,     0.7,             5,       1358,     1712,      16.975 ,    21.4   ,      355, 0.663636365,     0.009090907, 0                  ,          1         , 0
0_7     ,     0.7,             6,       1713,     2066,      21.4125,    25.825 ,      354, 0.654545458,     0.009090914, -1                 ,          0.9971831 , -0.00406966
0_7     ,     0.7,             7,       2067,     2419,      25.8375,    30.2375,      353, 0.645454544,     0.009090907, -1                 ,          0.99717514, -0.00408118
0_7     ,     0.7,             8,       2420,     2771,      30.25  ,    34.6375,      352, 0.636363637,     0.009090907, -1                 ,          0.99716714, -0.00409275
0_7     ,     0.7,             9,       2772,     3035,      34.65  ,    37.9375,      264, 0.62727273 ,     0.009090914, -88                ,          0.75      , -0.4150375
0_7     ,     0.7,            10,       3036,     3138,      37.95  ,    39.225 ,      103, 0.618181816,     0.009090907, -161               ,          0.39015152, -1.35789359
0_7     ,     0.7,            11,       3139,     3241,      39.2375,    40.5125,      103, 0.609090909,     0.009090907, 0                  ,          1         , 0
0_7     ,     0.7,            12,       3242,     3343,      40.525 ,    41.7875,      102, 0.600000002,     0.009090914, -1                 ,          0.99029126, -0.01407519
0_7     ,     0.7,            13,       3344,     3445,      41.8   ,    43.0625,      102, 0.590909088,     0.009090907, 0                  ,          1         , 0
0_7     ,     0.7,            14,       3446,     3546,      43.075 ,    44.325 ,      101, 0.581818181,     0.009090907, -1                 ,          0.99019608, -0.01421386
0_7     ,     0.7,            15,       3547,     3647,      44.3375,    45.5875,      101, 0.572727274,     0.009090907, 0                  ,          1         , 0
0_7     ,     0.7,            16,       3648,     3747,      45.6   ,    46.8375,      100, 0.563636367,     0.009090914, -1                 ,          0.99009901, -0.01435529
0_7     ,     0.7,            17,       3748,     3847,      46.85  ,    48.0875,      100, 0.554545453,     0.009090907, 0                  ,          1         , 0
0_7     ,     0.7,            18,       3848,     3946,      48.1   ,    49.325 ,       99, 0.545454546,     0.009090907, -1                 ,          0.99      , -0.01449957
0_7     ,     0.7,            19,       3947,     4045,      49.3375,    50.5625,       99, 0.536363639,     0.009090914, 0                  ,          1         , 0
0_7     ,     0.7,            20,       4046,     4143,      50.575 ,    51.7875,       98, 0.527272725,     0.009090907, -1                 ,          0.98989899, -0.01464678
0_7     ,     0.7,            21,       4144,     4241,      51.8   ,    53.0125,       98, 0.518181818,     0.009090907, 0                  ,          1         , 0
0_7     ,     0.7,            22,       4242,     4338,      53.025 ,    54.225 ,       97, 0.509090911,     0.009090914, -1                 ,          0.98979592, -0.014797
0_7     ,     0.7,            23,       4339,     4435,      54.2375,    55.4375,       97, 0.499999997,     0.009090907, 0                  ,          1         , 0
0_7     ,     0.7,            24,       4436,     4530,      55.45  ,    56.625 ,       95, 0.49090909 ,     0.009090907, -2                 ,          0.97938144, -0.03005723
0_7     ,     0.7,            25,       4531,     4623,      56.6375,    57.7875,       93, 0.481818183,     0.009090907, -2                 ,          0.97894737, -0.0306968
0_7     ,     0.7,            26,       4624,     4714,      57.8   ,    58.925 ,       91, 0.472727276,     0.009090914, -2                 ,          0.97849462, -0.03136417
0_7     ,     0.7,            27,       4715,     4804,      58.9375,    60.05  ,       90, 0.463636362,     0.009090907, -1                 ,          0.98901099, -0.01594154
0_7     ,     0.7,            28,       4805,     4891,      60.0625,    61.1375,       87, 0.454545455,     0.009090907, -3                 ,          0.96666667, -0.0489096
0_7     ,     0.7,            29,       4892,     4977,      61.15  ,    62.2125,       86, 0.445454548,     0.009090914, -1                 ,          0.98850575, -0.01667874
0_7     ,     0.7,            30,       4978,     5062,      62.225 ,    63.275 ,       85, 0.436363634,     0.009090907, -1                 ,          0.98837209, -0.01687382
0_7     ,     0.7,            31,       5063,     5145,      63.2875,    64.3125,       83, 0.427272727,     0.009090907, -2                 ,          0.97647059, -0.0343515
0_7     ,     0.7,            32,       5146,     5227,      64.325 ,    65.3375,       82, 0.41818182 ,     0.009090914, -1                 ,          0.98795181, -0.01748743
0_7     ,     0.7,            33,       5228,     5308,      65.35  ,    66.35  ,       81, 0.409090906,     0.009090907, -1                 ,          0.98780488, -0.017702
0_7     ,     0.7,            34,       5309,     5387,      66.3625,    67.3375,       79, 0.399999999,     0.009090907, -2                 ,          0.97530864, -0.03606925
0_7     ,     0.7,            35,       5388,     5466,      67.35  ,    68.325 ,       79, 0.390909092,     0.009090907, 0                  ,          1         , 0
0_7     ,     0.7,            36,       5467,     5543,      68.3375,    69.2875,       77, 0.381818185,     0.009090914, -2                 ,          0.97468354, -0.03699421
0_7     ,     0.7,            37,       5544,     5619,      69.3   ,    70.2375,       76, 0.372727271,     0.009090907, -1                 ,          0.98701299, -0.01885903
0_7     ,     0.7,            38,       5620,     5690,      70.25  ,    71.125 ,       71, 0.363636364,     0.009090907, -5                 ,          0.93421053, -0.09818039
0_7     ,     0.7,            39,       5691,     5758,      71.1375,    71.975 ,       68, 0.354545457,     0.009090914, -3                 ,          0.95774648, -0.06228428
0_7     ,     0.7,            40,       5759,     5825,      71.9875,    72.8125,       67, 0.345454543,     0.009090907, -1                 ,          0.98529412, -0.02137365
0_7     ,     0.7,            41,       5826,     5891,      72.825 ,    73.6375,       66, 0.336363636,     0.009090907, -1                 ,          0.98507463, -0.02169507
0_7     ,     0.7,            42,       5892,     5957,      73.65  ,    74.4625,       66, 0.327272729,     0.009090914, 0                  ,          1         , 0
0_7     ,     0.7,            43,       5958,     6023,      74.475 ,    75.2875,       66, 0.318181815,     0.009090907, 0                  ,          1         , 0
0_7     ,     0.7,            44,       6024,     6087,      75.3   ,    76.0875,       64, 0.309090908,     0.009090907, -2                 ,          0.96969697, -0.04439412
0_7     ,     0.7,            45,       6088,     6152,      76.1   ,    76.9   ,       65, 0.300000001,     0.009090907, 1                  ,          1.015625  , 0.02236781
0_7     ,     0.7,            46,       6153,     6216,      76.9125,    77.7   ,       64, 0.290909094,     0.009090914, -1                 ,          0.98461538, -0.02236781
0_7     ,     0.7,            47,       6217,     6279,      77.7125,    78.4875,       63, 0.28181818 ,     0.009090907, -1                 ,          0.984375  , -0.02272008
0_7     ,     0.7,            48,       6280,     6342,      78.5   ,    79.275 ,       63, 0.272727273,     0.009090907, 0                  ,          1         , 0
0_7     ,     0.7,            49,       6343,     6404,      79.2875,    80.05  ,       62, 0.263636366,     0.009090914, -1                 ,          0.98412698, -0.02308361
0_7     ,     0.7,            50,       6405,     6467,      80.0625,    80.8375,       63, 0.254545452,     0.009090907, 1                  ,          1.01612903, 0.02308361
0_7     ,     0.7,            51,       6468,     6528,      80.85  ,    81.6   ,       61, 0.245454545,     0.009090907, -2                 ,          0.96825397, -0.04654259
0_7     ,     0.7,            52,       6529,     6589,      81.6125,    82.3625,       61, 0.236363638,     0.009090914, 0                  ,          1         , 0
0_7     ,     0.7,            53,       6590,     6650,      82.375 ,    83.125 ,       61, 0.227272724,     0.009090907, 0                  ,          1         , 0
0_7     ,     0.7,            54,       6651,     6711,      83.1375,    83.8875,       61, 0.218181817,     0.009090907, 0                  ,          1         , 0
0_7     ,     0.7,            55,       6712,     6771,      83.9   ,    84.6375,       60, 0.20909091 ,     0.009090907, -1                 ,          0.98360656, -0.02384674
0_7     ,     0.7,            56,       6772,     6831,      84.65  ,    85.3875,       60, 0.200000003,     0.009090914, 0                  ,          1         , 0
0_7     ,     0.7,            57,       6832,     6890,      85.4   ,    86.125 ,       59, 0.190909089,     0.009090907, -1                 ,          0.98333333, -0.02424755
0_7     ,     0.7,            58,       6891,     6950,      86.1375,    86.875 ,       60, 0.181818182,     0.009090907, 1                  ,          1.01694915, 0.02424755
0_7     ,     0.7,            59,       6951,     7008,      86.8875,    87.6   ,       58, 0.172727275,     0.009090914, -2                 ,          0.96666667, -0.0489096
0_7     ,     0.7,            60,       7009,     7067,      87.6125,    88.3375,       59, 0.163636361,     0.009090907, 1                  ,          1.01724138, 0.02466205
0_7     ,     0.7,            61,       7068,     7125,      88.35  ,    89.0625,       58, 0.154545454,     0.009090907, -1                 ,          0.98305085, -0.02466205
0_7     ,     0.7,            62,       7126,     7183,      89.075 ,    89.7875,       58, 0.145454547,     0.009090914, 0                  ,          1         , 0
0_7     ,     0.7,            63,       7184,     7241,      89.8   ,    90.5125,       58, 0.136363633,     0.009090907, 0                  ,          1         , 0
0_7     ,     0.7,            64,       7242,     7298,      90.525 ,    91.225 ,       57, 0.127272726,     0.009090907, -1                 ,          0.98275862, -0.02509098
0_7     ,     0.7,            65,       7299,     7355,      91.2375,    91.9375,       57, 0.118181819,     0.009090907, 0                  ,          1         , 0
0_7     ,     0.7,            66,       7356,     7412,      91.95  ,    92.65  ,       57, 0.109090912,     0.009090914, 0                  ,          1         , 0
0_7     ,     0.7,            67,       7413,     7469,      92.6625,    93.3625,       57, 0.099999998,     0.009090907, 0                  ,          1         , 0
0_7     ,     0.7,            68,       7470,     7525,      93.375 ,    94.0625,       56, 0.090909091,     0.009090907, -1                 ,          0.98245614, -0.02553509
0_7     ,     0.7,            69,       7526,     7581,      94.075 ,    94.7625,       56, 0.081818184,     0.009090914, 0                  ,          1         , 0
0_7     ,     0.7,            70,       7582,     7637,      94.775 ,    95.4625,       56, 0.07272727 ,     0.009090907, 0                  ,          1         , 0
0_7     ,     0.7,            71,       7638,     7693,      95.475 ,    96.1625,       56, 0.063636363,     0.009090907, 0                  ,          1         , 0
0_7     ,     0.7,            72,       7694,     7748,      96.175 ,    96.85  ,       55, 0.054545456,     0.009090914, -1                 ,          0.98214286, -0.02599521
0_7     ,     0.7,            73,       7749,     7804,      96.8625,    97.55  ,       56, 0.045454542,     0.009090907, 1                  ,          1.01818182, 0.02599521
0_7     ,     0.7,            74,       7805,     7859,      97.5625,    98.2375,       55, 0.036363635,     0.009090907, -1                 ,          0.98214286, -0.02599521
0_7     ,     0.7,            75,       7860,     7913,      98.25  ,    98.9125,       54, 0.027272728,     0.009090907, -1                 ,          0.98181818, -0.02647221
0_7     ,     0.7,            76,       7914,     7968,      98.925 ,    99.6   ,       55, 0.018181821,     0.009090914, 1                  ,          1.01851852, 0.02647221
0_7     ,     0.7,            77,       7969,     8000,      99.6125,   100     ,       32, 0.009090907,                , -23                ,          0.58181818, -0.78135971
0_8     ,     0.8,             1,          0,      122,       0     ,     1.525 ,      123, 0.8        ,     0.008      ,                    ,                    , 
0_8     ,     0.8,             2,        123,      420,       1.5375,     5.25  ,      298, 0.792      ,     0.008      , 175                ,          2.42276423, 1.27665402
0_8     ,     0.8,             3,        421,      716,       5.2625,     8.95  ,      296, 0.784      ,     0.008      , -2                 ,          0.99328859, -0.00971515
0_8     ,     0.8,             4,        717,     1012,       8.9625,    12.65  ,      296, 0.776      ,     0.008      , 0                  ,          1         , 0
0_8     ,     0.8,             5,       1013,     1306,      12.6625,    16.325 ,      294, 0.768      ,     0.008      , -2                 ,          0.99324324, -0.00978102
0_8     ,     0.8,             6,       1307,     1598,      16.3375,    19.975 ,      292, 0.76       ,     0.008      , -2                 ,          0.99319728, -0.00984779
0_8     ,     0.8,             7,       1599,     1890,      19.9875,    23.625 ,      292, 0.752      ,     0.008      , 0                  ,          1         , 0
0_8     ,     0.8,             8,       1891,     2180,      23.6375,    27.25  ,      290, 0.744      ,     0.008      , -2                 ,          0.99315068, -0.00991547
0_8     ,     0.8,             9,       2181,     2468,      27.2625,    30.85  ,      288, 0.736      ,     0.008      , -2                 ,          0.99310345, -0.00998409
0_8     ,     0.8,            10,       2469,     2756,      30.8625,    34.45  ,      288, 0.728      ,     0.008      , 0                  ,          1         , 0
0_8     ,     0.8,            11,       2757,     3011,      34.4625,    37.6375,      255, 0.72       ,     0.008      , -33                ,          0.88541667, -0.17557156
0_8     ,     0.8,            12,       3012,     3094,      37.65  ,    38.675 ,       83, 0.712      ,     0.008      , -172               ,          0.3254902 , -1.61931401
0_8     ,     0.8,            13,       3095,     3177,      38.6875,    39.7125,       83, 0.704      ,     0.008      , 0                  ,          1         , 0
0_8     ,     0.8,            14,       3178,     3259,      39.725 ,    40.7375,       82, 0.696      ,     0.008      , -1                 ,          0.98795181, -0.01748743
0_8     ,     0.8,            15,       3260,     3340,      40.75  ,    41.75  ,       81, 0.688      ,     0.008      , -1                 ,          0.98780488, -0.017702
0_8     ,     0.8,            16,       3341,     3421,      41.7625,    42.7625,       81, 0.68       ,     0.008      , 0                  ,          1         , 0
0_8     ,     0.8,            17,       3422,     3502,      42.775 ,    43.775 ,       81, 0.672      ,     0.008      , 0                  ,          1         , 0
0_8     ,     0.8,            18,       3503,     3582,      43.7875,    44.775 ,       80, 0.664      ,     0.008      , -1                 ,          0.98765432, -0.01792191
0_8     ,     0.8,            19,       3583,     3662,      44.7875,    45.775 ,       80, 0.656      ,     0.008      , 0                  ,          1         , 0
0_8     ,     0.8,            20,       3663,     3741,      45.7875,    46.7625,       79, 0.648      ,     0.008      , -1                 ,          0.9875    , -0.01814735
0_8     ,     0.8,            21,       3742,     3820,      46.775 ,    47.75  ,       79, 0.64       ,     0.008      , 0                  ,          1         , 0
0_8     ,     0.8,            22,       3821,     3899,      47.7625,    48.7375,       79, 0.632      ,     0.008      , 0                  ,          1         , 0
0_8     ,     0.8,            23,       3900,     3977,      48.75  ,    49.7125,       78, 0.624      ,     0.008      , -1                 ,          0.98734177, -0.01837853
0_8     ,     0.8,            24,       3978,     4054,      49.725 ,    50.675 ,       77, 0.616      ,     0.008      , -1                 ,          0.98717949, -0.01861568
0_8     ,     0.8,            25,       4055,     4131,      50.6875,    51.6375,       77, 0.608      ,     0.008      , 0                  ,          1         , 0
0_8     ,     0.8,            26,       4132,     4208,      51.65  ,    52.6   ,       77, 0.6        ,     0.008      , 0                  ,          1         , 0
0_8     ,     0.8,            27,       4209,     4284,      52.6125,    53.55  ,       76, 0.592      ,     0.008      , -1                 ,          0.98701299, -0.01885903
0_8     ,     0.8,            28,       4285,     4360,      53.5625,    54.5   ,       76, 0.584      ,     0.008      , 0                  ,          1         , 0
0_8     ,     0.8,            29,       4361,     4436,      54.5125,    55.45  ,       76, 0.576      ,     0.008      , 0                  ,          1         , 0
0_8     ,     0.8,            30,       4437,     4510,      55.4625,    56.375 ,       74, 0.568      ,     0.008      , -2                 ,          0.97368421, -0.03847415
0_8     ,     0.8,            31,       4511,     4583,      56.3875,    57.2875,       73, 0.56       ,     0.008      , -1                 ,          0.98648649, -0.01962881
0_8     ,     0.8,            32,       4584,     4654,      57.3   ,    58.175 ,       71, 0.552      ,     0.008      , -2                 ,          0.97260274, -0.04007744
0_8     ,     0.8,            33,       4655,     4725,      58.1875,    59.0625,       71, 0.544      ,     0.008      , 0                  ,          1         , 0
0_8     ,     0.8,            34,       4726,     4794,      59.075 ,    59.925 ,       69, 0.536      ,     0.008      , -2                 ,          0.97183099, -0.04122266
0_8     ,     0.8,            35,       4795,     4862,      59.9375,    60.775 ,       68, 0.528      ,     0.008      , -1                 ,          0.98550725, -0.02106162
0_8     ,     0.8,            36,       4863,     4929,      60.7875,    61.6125,       67, 0.52       ,     0.008      , -1                 ,          0.98529412, -0.02137365
0_8     ,     0.8,            37,       4930,     4995,      61.625 ,    62.4375,       66, 0.512      ,     0.008      , -1                 ,          0.98507463, -0.02169507
0_8     ,     0.8,            38,       4996,     5060,      62.45  ,    63.25  ,       65, 0.504      ,     0.008      , -1                 ,          0.98484848, -0.02202631
0_8     ,     0.8,            39,       5061,     5124,      63.2625,    64.05  ,       64, 0.496      ,     0.008      , -1                 ,          0.98461538, -0.02236781
0_8     ,     0.8,            40,       5125,     5187,      64.0625,    64.8375,       63, 0.488      ,     0.008      , -1                 ,          0.984375  , -0.02272008
0_8     ,     0.8,            41,       5188,     5250,      64.85  ,    65.625 ,       63, 0.48       ,     0.008      , 0                  ,          1         , 0
0_8     ,     0.8,            42,       5251,     5312,      65.6375,    66.4   ,       62, 0.472      ,     0.008      , -1                 ,          0.98412698, -0.02308361
0_8     ,     0.8,            43,       5313,     5373,      66.4125,    67.1625,       61, 0.464      ,     0.008      , -1                 ,          0.98387097, -0.02345897
0_8     ,     0.8,            44,       5374,     5433,      67.175 ,    67.9125,       60, 0.456      ,     0.008      , -1                 ,          0.98360656, -0.02384674
0_8     ,     0.8,            45,       5434,     5492,      67.925 ,    68.65  ,       59, 0.448      ,     0.008      , -1                 ,          0.98333333, -0.02424755
0_8     ,     0.8,            46,       5493,     5551,      68.6625,    69.3875,       59, 0.44       ,     0.008      , 0                  ,          1         , 0
0_8     ,     0.8,            47,       5552,     5609,      69.4   ,    70.1125,       58, 0.432      ,     0.008      , -1                 ,          0.98305085, -0.02466205
0_8     ,     0.8,            48,       5610,     5664,      70.125 ,    70.8   ,       55, 0.424      ,     0.008      , -3                 ,          0.94827586, -0.07662128
0_8     ,     0.8,            49,       5665,     5714,      70.8125,    71.425 ,       50, 0.416      ,     0.008      , -5                 ,          0.90909091, -0.13750352
0_8     ,     0.8,            50,       5715,     5765,      71.4375,    72.0625,       51, 0.408      ,     0.008      , 1                  ,          1.02      , 0.02856915
0_8     ,     0.8,            51,       5766,     5814,      72.075 ,    72.675 ,       49, 0.4        ,     0.008      , -2                 ,          0.96078431, -0.0577155
0_8     ,     0.8,            52,       5815,     5864,      72.6875,    73.3   ,       50, 0.392      ,     0.008      , 1                  ,          1.02040816, 0.02914635
0_8     ,     0.8,            53,       5865,     5913,      73.3125,    73.9125,       49, 0.384      ,     0.008      , -1                 ,          0.98      , -0.02914635
0_8     ,     0.8,            54,       5914,     5962,      73.925 ,    74.525 ,       49, 0.376      ,     0.008      , 0                  ,          1         , 0
0_8     ,     0.8,            55,       5963,     6010,      74.5375,    75.125 ,       48, 0.368      ,     0.008      , -1                 ,          0.97959184, -0.02974734
0_8     ,     0.8,            56,       6011,     6058,      75.1375,    75.725 ,       48, 0.36       ,     0.008      , 0                  ,          1         , 0
0_8     ,     0.8,            57,       6059,     6106,      75.7375,    76.325 ,       48, 0.352      ,     0.008      , 0                  ,          1         , 0
0_8     ,     0.8,            58,       6107,     6153,      76.3375,    76.9125,       47, 0.344      ,     0.008      , -1                 ,          0.97916667, -0.03037365
0_8     ,     0.8,            59,       6154,     6200,      76.925 ,    77.5   ,       47, 0.336      ,     0.008      , 0                  ,          1         , 0
0_8     ,     0.8,            60,       6201,     6247,      77.5125,    78.0875,       47, 0.328      ,     0.008      , 0                  ,          1         , 0
0_8     ,     0.8,            61,       6248,     6294,      78.1   ,    78.675 ,       47, 0.32       ,     0.008      , 0                  ,          1         , 0
0_8     ,     0.8,            62,       6295,     6340,      78.6875,    79.25  ,       46, 0.312      ,     0.008      , -1                 ,          0.9787234 , -0.0310269
0_8     ,     0.8,            63,       6341,     6386,      79.2625,    79.825 ,       46, 0.304      ,     0.008      , 0                  ,          1         , 0
0_8     ,     0.8,            64,       6387,     6431,      79.8375,    80.3875,       45, 0.296      ,     0.008      , -1                 ,          0.97826087, -0.03170886
0_8     ,     0.8,            65,       6432,     6477,      80.4   ,    80.9625,       46, 0.288      ,     0.008      , 1                  ,          1.02222222, 0.03170886
0_8     ,     0.8,            66,       6478,     6522,      80.975 ,    81.525 ,       45, 0.28       ,     0.008      , -1                 ,          0.97826087, -0.03170886
0_8     ,     0.8,            67,       6523,     6567,      81.5375,    82.0875,       45, 0.272      ,     0.008      , 0                  ,          1         , 0
0_8     ,     0.8,            68,       6568,     6611,      82.1   ,    82.6375,       44, 0.264      ,     0.008      , -1                 ,          0.97777778, -0.03242148
0_8     ,     0.8,            69,       6612,     6656,      82.65  ,    83.2   ,       45, 0.256      ,     0.008      , 1                  ,          1.02272727, 0.03242148
0_8     ,     0.8,            70,       6657,     6700,      83.2125,    83.75  ,       44, 0.248      ,     0.008      , -1                 ,          0.97777778, -0.03242148
0_8     ,     0.8,            71,       6701,     6744,      83.7625,    84.3   ,       44, 0.24       ,     0.008      , 0                  ,          1         , 0
0_8     ,     0.8,            72,       6745,     6787,      84.3125,    84.8375,       43, 0.232      ,     0.008      , -1                 ,          0.97727273, -0.03316686
0_8     ,     0.8,            73,       6788,     6831,      84.85  ,    85.3875,       44, 0.224      ,     0.008      , 1                  ,          1.02325581, 0.03316686
0_8     ,     0.8,            74,       6832,     6874,      85.4   ,    85.925 ,       43, 0.216      ,     0.008      , -1                 ,          0.97727273, -0.03316686
0_8     ,     0.8,            75,       6875,     6917,      85.9375,    86.4625,       43, 0.208      ,     0.008      , 0                  ,          1         , 0
0_8     ,     0.8,            76,       6918,     6959,      86.475 ,    86.9875,       42, 0.2        ,     0.008      , -1                 ,          0.97674419, -0.03394733
0_8     ,     0.8,            77,       6960,     7002,      87     ,    87.525 ,       43, 0.192      ,     0.008      , 1                  ,          1.02380952, 0.03394733
0_8     ,     0.8,            78,       7003,     7044,      87.5375,    88.05  ,       42, 0.184      ,     0.008      , -1                 ,          0.97674419, -0.03394733
0_8     ,     0.8,            79,       7045,     7087,      88.0625,    88.5875,       43, 0.176      ,     0.008      , 1                  ,          1.02380952, 0.03394733
0_8     ,     0.8,            80,       7088,     7129,      88.6   ,    89.1125,       42, 0.168      ,     0.008      , -1                 ,          0.97674419, -0.03394733
0_8     ,     0.8,            81,       7130,     7170,      89.125 ,    89.625 ,       41, 0.16       ,     0.008      , -1                 ,          0.97619048, -0.03476542
0_8     ,     0.8,            82,       7171,     7212,      89.6375,    90.15  ,       42, 0.152      ,     0.008      , 1                  ,          1.02439024, 0.03476542
0_8     ,     0.8,            83,       7213,     7253,      90.1625,    90.6625,       41, 0.144      ,     0.008      , -1                 ,          0.97619048, -0.03476542
0_8     ,     0.8,            84,       7254,     7295,      90.675 ,    91.1875,       42, 0.136      ,     0.008      , 1                  ,          1.02439024, 0.03476542
0_8     ,     0.8,            85,       7296,     7336,      91.2   ,    91.7   ,       41, 0.128      ,     0.008      , -1                 ,          0.97619048, -0.03476542
0_8     ,     0.8,            86,       7337,     7376,      91.7125,    92.2   ,       40, 0.12       ,     0.008      , -1                 ,          0.97560976, -0.03562391
0_8     ,     0.8,            87,       7377,     7417,      92.2125,    92.7125,       41, 0.112      ,     0.008      , 1                  ,          1.025     , 0.03562391
0_8     ,     0.8,            88,       7418,     7458,      92.725 ,    93.225 ,       41, 0.104      ,     0.008      , 0                  ,          1         , 0
0_8     ,     0.8,            89,       7459,     7498,      93.2375,    93.725 ,       40, 0.096      ,     0.008      , -1                 ,          0.97560976, -0.03562391
0_8     ,     0.8,            90,       7499,     7538,      93.7375,    94.225 ,       40, 0.088      ,     0.008      , 0                  ,          1         , 0
0_8     ,     0.8,            91,       7539,     7578,      94.2375,    94.725 ,       40, 0.08       ,     0.008      , 0                  ,          1         , 0
0_8     ,     0.8,            92,       7579,     7618,      94.7375,    95.225 ,       40, 0.072      ,     0.008      , 0                  ,          1         , 0
0_8     ,     0.8,            93,       7619,     7658,      95.2375,    95.725 ,       40, 0.064      ,     0.008      , 0                  ,          1         , 0
0_8     ,     0.8,            94,       7659,     7698,      95.7375,    96.225 ,       40, 0.056      ,     0.008      , 0                  ,          1         , 0
0_8     ,     0.8,            95,       7699,     7737,      96.2375,    96.7125,       39, 0.048      ,     0.008      , -1                 ,          0.975     , -0.03652588
0_8     ,     0.8,            96,       7738,     7776,      96.725 ,    97.2   ,       39, 0.04       ,     0.008      , 0                  ,          1         , 0
0_8     ,     0.8,            97,       7777,     7816,      97.2125,    97.7   ,       40, 0.032      ,     0.008      , 1                  ,          1.02564103, 0.03652588
0_8     ,     0.8,            98,       7817,     7855,      97.7125,    98.1875,       39, 0.024      ,     0.008      , -1                 ,          0.975     , -0.03652588
0_8     ,     0.8,            99,       7856,     7894,      98.2   ,    98.675 ,       39, 0.016      ,     0.008      , 0                  ,          1         , 0
0_8     ,     0.8,           100,       7895,     7933,      98.6875,    99.1625,       39, 0.008      ,                , 0                  ,          1         , 0
0_9     ,     0.9,             1,          0,      167,       0     ,     2.0875,      168, 0.9        ,     0.0072     ,                    ,                    , 
0_9     ,     0.9,             2,        168,      429,       2.1   ,     5.3625,      262, 0.8928     ,     0.0072     , 94                 ,          1.55952381, 0.64110558
0_9     ,     0.9,             3,        430,      691,       5.375 ,     8.6375,      262, 0.8856     ,     0.0072     , 0                  ,          1         , 0
0_9     ,     0.9,             4,        692,      950,       8.65  ,    11.875 ,      259, 0.8784     ,     0.0072     , -3                 ,          0.98854962, -0.01661471
0_9     ,     0.9,             5,        951,     1208,      11.8875,    15.1   ,      258, 0.8712     ,     0.0072     , -1                 ,          0.996139  , -0.00558103
0_9     ,     0.9,             6,       1209,     1464,      15.1125,    18.3   ,      256, 0.864      ,     0.0072     , -2                 ,          0.99224806, -0.01122726
0_9     ,     0.9,             7,       1465,     1718,      18.3125,    21.475 ,      254, 0.8568     ,     0.0072     , -2                 ,          0.9921875 , -0.01131531
0_9     ,     0.9,             8,       1719,     1971,      21.4875,    24.6375,      253, 0.8496     ,     0.0072     , -1                 ,          0.99606299, -0.00569111
0_9     ,     0.9,             9,       1972,     2222,      24.65  ,    27.775 ,      251, 0.8424     ,     0.0072     , -2                 ,          0.99209486, -0.01145002
0_9     ,     0.9,            10,       2223,     2471,      27.7875,    30.8875,      249, 0.8352     ,     0.0072     , -2                 ,          0.99203187, -0.01154162
0_9     ,     0.9,            11,       2472,     2719,      30.9   ,    33.9875,      248, 0.828      ,     0.0072     , -1                 ,          0.99598394, -0.00580562
0_9     ,     0.9,            12,       2720,     2966,      34     ,    37.075 ,      247, 0.8208     ,     0.0072     , -1                 ,          0.99596774, -0.00582908
0_9     ,     0.9,            13,       2967,     3060,      37.0875,    38.25  ,       94, 0.8136     ,     0.0072     , -153               ,          0.3805668 , -1.39377838
0_9     ,     0.9,            14,       3061,     3130,      38.2625,    39.125 ,       70, 0.8064     ,     0.0072     , -24                ,          0.74468085, -0.42530583
0_9     ,     0.9,            15,       3131,     3201,      39.1375,    40.0125,       71, 0.7992     ,     0.0072     , 1                  ,          1.01428571, 0.0204641
0_9     ,     0.9,            16,       3202,     3270,      40.025 ,    40.875 ,       69, 0.792      ,     0.0072     , -2                 ,          0.97183099, -0.04122266
0_9     ,     0.9,            17,       3271,     3340,      40.8875,    41.75  ,       70, 0.7848     ,     0.0072     , 1                  ,          1.01449275, 0.02075856
0_9     ,     0.9,            18,       3341,     3408,      41.7625,    42.6   ,       68, 0.7776     ,     0.0072     , -2                 ,          0.97142857, -0.04182018
0_9     ,     0.9,            19,       3409,     3477,      42.6125,    43.4625,       69, 0.7704     ,     0.0072     , 1                  ,          1.01470588, 0.02106162
0_9     ,     0.9,            20,       3478,     3544,      43.475 ,    44.3   ,       67, 0.7632     ,     0.0072     , -2                 ,          0.97101449, -0.04243527
0_9     ,     0.9,            21,       3545,     3612,      44.3125,    45.15  ,       68, 0.756      ,     0.0072     , 1                  ,          1.01492537, 0.02137365
0_9     ,     0.9,            22,       3613,     3679,      45.1625,    45.9875,       67, 0.7488     ,     0.0072     , -1                 ,          0.98529412, -0.02137365
0_9     ,     0.9,            23,       3680,     3745,      46     ,    46.8125,       66, 0.7416     ,     0.0072     , -1                 ,          0.98507463, -0.02169507
0_9     ,     0.9,            24,       3746,     3811,      46.825 ,    47.6375,       66, 0.7344     ,     0.0072     , 0                  ,          1         , 0
0_9     ,     0.9,            25,       3812,     3877,      47.65  ,    48.4625,       66, 0.7272     ,     0.0072     , 0                  ,          1         , 0
0_9     ,     0.9,            26,       3878,     3942,      48.475 ,    49.275 ,       65, 0.72       ,     0.0072     , -1                 ,          0.98484848, -0.02202631
0_9     ,     0.9,            27,       3943,     4007,      49.2875,    50.0875,       65, 0.7128     ,     0.0072     , 0                  ,          1         , 0
0_9     ,     0.9,            28,       4008,     4072,      50.1   ,    50.9   ,       65, 0.7056     ,     0.0072     , 0                  ,          1         , 0
0_9     ,     0.9,            29,       4073,     4136,      50.9125,    51.7   ,       64, 0.6984     ,     0.0072     , -1                 ,          0.98461538, -0.02236781
0_9     ,     0.9,            30,       4137,     4199,      51.7125,    52.4875,       63, 0.6912     ,     0.0072     , -1                 ,          0.984375  , -0.02272008
0_9     ,     0.9,            31,       4200,     4262,      52.5   ,    53.275 ,       63, 0.684      ,     0.0072     , 0                  ,          1         , 0
0_9     ,     0.9,            32,       4263,     4325,      53.2875,    54.0625,       63, 0.6768     ,     0.0072     , 0                  ,          1         , 0
0_9     ,     0.9,            33,       4326,     4388,      54.075 ,    54.85  ,       63, 0.6696     ,     0.0072     , 0                  ,          1         , 0
0_9     ,     0.9,            34,       4389,     4450,      54.8625,    55.625 ,       62, 0.6624     ,     0.0072     , -1                 ,          0.98412698, -0.02308361
0_9     ,     0.9,            35,       4451,     4511,      55.6375,    56.3875,       61, 0.6552     ,     0.0072     , -1                 ,          0.98387097, -0.02345897
0_9     ,     0.9,            36,       4512,     4570,      56.4   ,    57.125 ,       59, 0.648      ,     0.0072     , -2                 ,          0.96721311, -0.04809429
0_9     ,     0.9,            37,       4571,     4629,      57.1375,    57.8625,       59, 0.6408     ,     0.0072     , 0                  ,          1         , 0
0_9     ,     0.9,            38,       4630,     4687,      57.875 ,    58.5875,       58, 0.6336     ,     0.0072     , -1                 ,          0.98305085, -0.02466205
0_9     ,     0.9,            39,       4688,     4744,      58.6   ,    59.3   ,       57, 0.6264     ,     0.0072     , -1                 ,          0.98275862, -0.02509098
0_9     ,     0.9,            40,       4745,     4801,      59.3125,    60.0125,       57, 0.6192     ,     0.0072     , 0                  ,          1         , 0
0_9     ,     0.9,            41,       4802,     4856,      60.025 ,    60.7   ,       55, 0.612      ,     0.0072     , -2                 ,          0.96491228, -0.0515303
0_9     ,     0.9,            42,       4857,     4911,      60.7125,    61.3875,       55, 0.6048     ,     0.0072     , 0                  ,          1         , 0
0_9     ,     0.9,            43,       4912,     4964,      61.4   ,    62.05  ,       53, 0.5976     ,     0.0072     , -2                 ,          0.96363636, -0.05343926
0_9     ,     0.9,            44,       4965,     5018,      62.0625,    62.725 ,       54, 0.5904     ,     0.0072     , 1                  ,          1.01886792, 0.02696705
0_9     ,     0.9,            45,       5019,     5070,      62.7375,    63.375 ,       52, 0.5832     ,     0.0072     , -2                 ,          0.96296296, -0.05444778
0_9     ,     0.9,            46,       5071,     5122,      63.3875,    64.025 ,       52, 0.576      ,     0.0072     , 0                  ,          1         , 0
0_9     ,     0.9,            47,       5123,     5173,      64.0375,    64.6625,       51, 0.5688     ,     0.0072     , -1                 ,          0.98076923, -0.02801438
0_9     ,     0.9,            48,       5174,     5224,      64.675 ,    65.3   ,       51, 0.5616     ,     0.0072     , 0                  ,          1         , 0
0_9     ,     0.9,            49,       5225,     5273,      65.3125,    65.9125,       49, 0.5544     ,     0.0072     , -2                 ,          0.96078431, -0.0577155
0_9     ,     0.9,            50,       5274,     5323,      65.925 ,    66.5375,       50, 0.5472     ,     0.0072     , 1                  ,          1.02040816, 0.02914635
0_9     ,     0.9,            51,       5324,     5372,      66.55  ,    67.15  ,       49, 0.54       ,     0.0072     , -1                 ,          0.98      , -0.02914635
0_9     ,     0.9,            52,       5373,     5420,      67.1625,    67.75  ,       48, 0.5328     ,     0.0072     , -1                 ,          0.97959184, -0.02974734
0_9     ,     0.9,            53,       5421,     5468,      67.7625,    68.35  ,       48, 0.5256     ,     0.0072     , 0                  ,          1         , 0
0_9     ,     0.9,            54,       5469,     5515,      68.3625,    68.9375,       47, 0.5184     ,     0.0072     , -1                 ,          0.97916667, -0.03037365
0_9     ,     0.9,            55,       5516,     5561,      68.95  ,    69.5125,       46, 0.5112     ,     0.0072     , -1                 ,          0.9787234 , -0.0310269
0_9     ,     0.9,            56,       5562,     5608,      69.525 ,    70.1   ,       47, 0.504      ,     0.0072     , 1                  ,          1.02173913, 0.0310269
0_9     ,     0.9,            57,       5609,     5652,      70.1125,    70.65  ,       44, 0.4968     ,     0.0072     , -3                 ,          0.93617021, -0.09515723
0_9     ,     0.9,            58,       5653,     5692,      70.6625,    71.15  ,       40, 0.4896     ,     0.0072     , -4                 ,          0.90909091, -0.13750352
0_9     ,     0.9,            59,       5693,     5731,      71.1625,    71.6375,       39, 0.4824     ,     0.0072     , -1                 ,          0.975     , -0.03652588
0_9     ,     0.9,            60,       5732,     5769,      71.65  ,    72.1125,       38, 0.4752     ,     0.0072     , -1                 ,          0.97435897, -0.03747471
0_9     ,     0.9,            61,       5770,     5808,      72.125 ,    72.6   ,       39, 0.468      ,     0.0072     , 1                  ,          1.02631579, 0.03747471
0_9     ,     0.9,            62,       5809,     5846,      72.6125,    73.075 ,       38, 0.4608     ,     0.0072     , -1                 ,          0.97435897, -0.03747471
0_9     ,     0.9,            63,       5847,     5884,      73.0875,    73.55  ,       38, 0.4536     ,     0.0072     , 0                  ,          1         , 0
0_9     ,     0.9,            64,       5885,     5922,      73.5625,    74.025 ,       38, 0.4464     ,     0.0072     , 0                  ,          1         , 0
0_9     ,     0.9,            65,       5923,     5960,      74.0375,    74.5   ,       38, 0.4392     ,     0.0072     , 0                  ,          1         , 0
0_9     ,     0.9,            66,       5961,     5997,      74.5125,    74.9625,       37, 0.432      ,     0.0072     , -1                 ,          0.97368421, -0.03847415
0_9     ,     0.9,            67,       5998,     6034,      74.975 ,    75.425 ,       37, 0.4248     ,     0.0072     , 0                  ,          1         , 0
0_9     ,     0.9,            68,       6035,     6071,      75.4375,    75.8875,       37, 0.4176     ,     0.0072     , 0                  ,          1         , 0
0_9     ,     0.9,            69,       6072,     6107,      75.9   ,    76.3375,       36, 0.4104     ,     0.0072     , -1                 ,          0.97297297, -0.03952836
0_9     ,     0.9,            70,       6108,     6144,      76.35  ,    76.8   ,       37, 0.4032     ,     0.0072     , 1                  ,          1.02777778, 0.03952836
0_9     ,     0.9,            71,       6145,     6180,      76.8125,    77.25  ,       36, 0.396      ,     0.0072     , -1                 ,          0.97297297, -0.03952836
0_9     ,     0.9,            72,       6181,     6215,      77.2625,    77.6875,       35, 0.3888     ,     0.0072     , -1                 ,          0.97222222, -0.04064198
0_9     ,     0.9,            73,       6216,     6251,      77.7   ,    78.1375,       36, 0.3816     ,     0.0072     , 1                  ,          1.02857143, 0.04064198
0_9     ,     0.9,            74,       6252,     6287,      78.15  ,    78.5875,       36, 0.3744     ,     0.0072     , 0                  ,          1         , 0
0_9     ,     0.9,            75,       6288,     6322,      78.6   ,    79.025 ,       35, 0.3672     ,     0.0072     , -1                 ,          0.97222222, -0.04064198
0_9     ,     0.9,            76,       6323,     6357,      79.0375,    79.4625,       35, 0.36       ,     0.0072     , 0                  ,          1         , 0
0_9     ,     0.9,            77,       6358,     6392,      79.475 ,    79.9   ,       35, 0.3528     ,     0.0072     , 0                  ,          1         , 0
0_9     ,     0.9,            78,       6393,     6426,      79.9125,    80.325 ,       34, 0.3456     ,     0.0072     , -1                 ,          0.97142857, -0.04182018
0_9     ,     0.9,            79,       6427,     6461,      80.3375,    80.7625,       35, 0.3384     ,     0.0072     , 1                  ,          1.02941176, 0.04182018
0_9     ,     0.9,            80,       6462,     6495,      80.775 ,    81.1875,       34, 0.3312     ,     0.0072     , -1                 ,          0.97142857, -0.04182018
0_9     ,     0.9,            81,       6496,     6529,      81.2   ,    81.6125,       34, 0.324      ,     0.0072     , 0                  ,          1         , 0
0_9     ,     0.9,            82,       6530,     6563,      81.625 ,    82.0375,       34, 0.3168     ,     0.0072     , 0                  ,          1         , 0
0_9     ,     0.9,            83,       6564,     6597,      82.05  ,    82.4625,       34, 0.3096     ,     0.0072     , 0                  ,          1         , 0
0_9     ,     0.9,            84,       6598,     6630,      82.475 ,    82.875 ,       33, 0.3024     ,     0.0072     , -1                 ,          0.97058824, -0.04306872
0_9     ,     0.9,            85,       6631,     6664,      82.8875,    83.3   ,       34, 0.2952     ,     0.0072     , 1                  ,          1.03030303, 0.04306872
0_9     ,     0.9,            86,       6665,     6697,      83.3125,    83.7125,       33, 0.288      ,     0.0072     , -1                 ,          0.97058824, -0.04306872
0_9     ,     0.9,            87,       6698,     6730,      83.725 ,    84.125 ,       33, 0.2808     ,     0.0072     , 0                  ,          1         , 0
0_9     ,     0.9,            88,       6731,     6763,      84.1375,    84.5375,       33, 0.2736     ,     0.0072     , 0                  ,          1         , 0
0_9     ,     0.9,            89,       6764,     6795,      84.55  ,    84.9375,       32, 0.2664     ,     0.0072     , -1                 ,          0.96969697, -0.04439412
0_9     ,     0.9,            90,       6796,     6828,      84.95  ,    85.35  ,       33, 0.2592     ,     0.0072     , 1                  ,          1.03125   , 0.04439412
0_9     ,     0.9,            91,       6829,     6860,      85.3625,    85.75  ,       32, 0.252      ,     0.0072     , -1                 ,          0.96969697, -0.04439412
0_9     ,     0.9,            92,       6861,     6893,      85.7625,    86.1625,       33, 0.2448     ,     0.0072     , 1                  ,          1.03125   , 0.04439412
0_9     ,     0.9,            93,       6894,     6925,      86.175 ,    86.5625,       32, 0.2376     ,     0.0072     , -1                 ,          0.96969697, -0.04439412
0_9     ,     0.9,            94,       6926,     6957,      86.575 ,    86.9625,       32, 0.2304     ,     0.0072     , 0                  ,          1         , 0
0_9     ,     0.9,            95,       6958,     6988,      86.975 ,    87.35  ,       31, 0.2232     ,     0.0072     , -1                 ,          0.96875   , -0.04580369
0_9     ,     0.9,            96,       6989,     7020,      87.3625,    87.75  ,       32, 0.216      ,     0.0072     , 1                  ,          1.03225806, 0.04580369
0_9     ,     0.9,            97,       7021,     7051,      87.7625,    88.1375,       31, 0.2088     ,     0.0072     , -1                 ,          0.96875   , -0.04580369
0_9     ,     0.9,            98,       7052,     7083,      88.15  ,    88.5375,       32, 0.2016     ,     0.0072     , 1                  ,          1.03225806, 0.04580369
0_9     ,     0.9,            99,       7084,     7114,      88.55  ,    88.925 ,       31, 0.1944     ,     0.0072     , -1                 ,          0.96875   , -0.04580369
0_9     ,     0.9,           100,       7115,     7145,      88.9375,    89.3125,       31, 0.1872     ,     0.0072     , 0                  ,          1         , 0
0_9     ,     0.9,           101,       7146,     7176,      89.325 ,    89.7   ,       31, 0.18       ,     0.0072     , 0                  ,          1         , 0
0_9     ,     0.9,           102,       7177,     7207,      89.7125,    90.0875,       31, 0.1728     ,     0.0072     , 0                  ,          1         , 0
0_9     ,     0.9,           103,       7208,     7238,      90.1   ,    90.475 ,       31, 0.1656     ,     0.0072     , 0                  ,          1         , 0
0_9     ,     0.9,           104,       7239,     7268,      90.4875,    90.85  ,       30, 0.1584     ,     0.0072     , -1                 ,          0.96774194, -0.04730571
0_9     ,     0.9,           105,       7269,     7298,      90.8625,    91.225 ,       30, 0.1512     ,     0.0072     , 0                  ,          1         , 0
0_9     ,     0.9,           106,       7299,     7329,      91.2375,    91.6125,       31, 0.144      ,     0.0072     , 1                  ,          1.03333333, 0.04730571
0_9     ,     0.9,           107,       7330,     7359,      91.625 ,    91.9875,       30, 0.1368     ,     0.0072     , -1                 ,          0.96774194, -0.04730571
0_9     ,     0.9,           108,       7360,     7389,      92     ,    92.3625,       30, 0.1296     ,     0.0072     , 0                  ,          1         , 0
0_9     ,     0.9,           109,       7390,     7419,      92.375 ,    92.7375,       30, 0.1224     ,     0.0072     , 0                  ,          1         , 0
0_9     ,     0.9,           110,       7420,     7449,      92.75  ,    93.1125,       30, 0.1152     ,     0.0072     , 0                  ,          1         , 0
0_9     ,     0.9,           111,       7450,     7478,      93.125 ,    93.475 ,       29, 0.108      ,     0.0072     , -1                 ,          0.96666667, -0.0489096
0_9     ,     0.9,           112,       7479,     7508,      93.4875,    93.85  ,       30, 0.1008     ,     0.0072     , 1                  ,          1.03448276, 0.0489096
0_9     ,     0.9,           113,       7509,     7538,      93.8625,    94.225 ,       30, 0.0936     ,     0.0072     , 0                  ,          1         , 0
0_9     ,     0.9,           114,       7539,     7567,      94.2375,    94.5875,       29, 0.0864     ,     0.0072     , -1                 ,          0.96666667, -0.0489096
0_9     ,     0.9,           115,       7568,     7596,      94.6   ,    94.95  ,       29, 0.0792     ,     0.0072     , 0                  ,          1         , 0
0_9     ,     0.9,           116,       7597,     7625,      94.9625,    95.3125,       29, 0.072      ,     0.0072     , 0                  ,          1         , 0
0_9     ,     0.9,           117,       7626,     7654,      95.325 ,    95.675 ,       29, 0.0648     ,     0.0072     , 0                  ,          1         , 0
0_9     ,     0.9,           118,       7655,     7683,      95.6875,    96.0375,       29, 0.0576     ,     0.0072     , 0                  ,          1         , 0
0_9     ,     0.9,           119,       7684,     7712,      96.05  ,    96.4   ,       29, 0.0504     ,     0.0072     , 0                  ,          1         , 0
0_9     ,     0.9,           120,       7713,     7741,      96.4125,    96.7625,       29, 0.0432     ,     0.0072     , 0                  ,          1         , 0
0_9     ,     0.9,           121,       7742,     7769,      96.775 ,    97.1125,       28, 0.036      ,     0.0072     , -1                 ,          0.96551724, -0.05062607
0_9     ,     0.9,           122,       7770,     7798,      97.125 ,    97.475 ,       29, 0.0288     ,     0.0072     , 1                  ,          1.03571429, 0.05062607
0_9     ,     0.9,           123,       7799,     7826,      97.4875,    97.825 ,       28, 0.0216     ,     0.0072     , -1                 ,          0.96551724, -0.05062607
0_9     ,     0.9,           124,       7827,     7855,      97.8375,    98.1875,       29, 0.0144     ,     0.0072     , 1                  ,          1.03571429, 0.05062607
0_9     ,     0.9,           125,       7856,     7884,      98.2   ,    98.55  ,       29, 0.0072     ,                , 0                  ,          1         , 0
1       ,     1  ,             1,          0,      107,       0     ,     1.3375,      108, 1          ,     0.00657895 ,                    ,                    , 
1       ,     1  ,             2,        108,      357,       1.35  ,     4.4625,      250, 0.99342105 ,     0.00657894 , 142                ,          2.31481481, 1.21089678
1       ,     1  ,             3,        358,      602,       4.475 ,     7.525 ,      245, 0.98684211 ,     0.00657895 , -5                 ,          0.98      , -0.02914635
1       ,     1  ,             4,        603,      847,       7.5375,    10.5875,      245, 0.98026316 ,     0.00657895 , 0                  ,          1         , 0
1       ,     1  ,             5,        848,     1088,      10.6   ,    13.6   ,      241, 0.97368421 ,     0.00657895 , -4                 ,          0.98367347, -0.0237486
1       ,     1  ,             6,       1089,     1328,      13.6125,    16.6   ,      240, 0.96710526 ,     0.00657894 , -1                 ,          0.99585062, -0.00599874
1       ,     1  ,             7,       1329,     1565,      16.6125,    19.5625,      237, 0.96052632 ,     0.00657895 , -3                 ,          0.9875    , -0.01814735
1       ,     1  ,             8,       1566,     1801,      19.575 ,    22.5125,      236, 0.95394737 ,     0.00657895 , -1                 ,          0.99578059, -0.0061002
1       ,     1  ,             9,       1802,     2033,      22.525 ,    25.4125,      232, 0.94736842 ,     0.00657895 , -4                 ,          0.98305085, -0.02466205
1       ,     1  ,            10,       2034,     2265,      25.425 ,    28.3125,      232, 0.94078947 ,     0.00657894 , 0                  ,          1         , 0
1       ,     1  ,            11,       2266,     2493,      28.325 ,    31.1625,      228, 0.93421053 ,     0.00657895 , -4                 ,          0.98275862, -0.02509098
1       ,     1  ,            12,       2494,     2720,      31.175 ,    34     ,      227, 0.92763158 ,     0.00657895 , -1                 ,          0.99561404, -0.00634153
1       ,     1  ,            13,       2721,     2944,      34.0125,    36.8   ,      224, 0.92105263 ,     0.00657895 , -3                 ,          0.98678414, -0.01919357
1       ,     1  ,            14,       2945,     3048,      36.8125,    38.1   ,      104, 0.91447368 ,     0.00657894 , -120               ,          0.46428571, -1.1069152
1       ,     1  ,            15,       3049,     3112,      38.1125,    38.9   ,       64, 0.90789474 ,     0.00657895 , -40                ,          0.61538462, -0.70043972
1       ,     1  ,            16,       3113,     3176,      38.9125,    39.7   ,       64, 0.90131579 ,     0.00657895 , 0                  ,          1         , 0
1       ,     1  ,            17,       3177,     3240,      39.7125,    40.5   ,       64, 0.89473684 ,     0.00657895 , 0                  ,          1         , 0
1       ,     1  ,            18,       3241,     3303,      40.5125,    41.2875,       63, 0.88815789 ,     0.00657894 , -1                 ,          0.984375  , -0.02272008
1       ,     1  ,            19,       3304,     3365,      41.3   ,    42.0625,       62, 0.88157895 ,     0.00657895 , -1                 ,          0.98412698, -0.02308361
1       ,     1  ,            20,       3366,     3428,      42.075 ,    42.85  ,       63, 0.875      ,     0.00657895 , 1                  ,          1.01612903, 0.02308361
1       ,     1  ,            21,       3429,     3489,      42.8625,    43.6125,       61, 0.86842105 ,     0.00657894 , -2                 ,          0.96825397, -0.04654259
1       ,     1  ,            22,       3490,     3550,      43.625 ,    44.375 ,       61, 0.86184211 ,     0.00657895 , 0                  ,          1         , 0
1       ,     1  ,            23,       3551,     3610,      44.3875,    45.125 ,       60, 0.85526316 ,     0.00657895 , -1                 ,          0.98360656, -0.02384674
1       ,     1  ,            24,       3611,     3670,      45.1375,    45.875 ,       60, 0.84868421 ,     0.00657895 , 0                  ,          1         , 0
1       ,     1  ,            25,       3671,     3730,      45.8875,    46.625 ,       60, 0.84210526 ,     0.00657894 , 0                  ,          1         , 0
1       ,     1  ,            26,       3731,     3789,      46.6375,    47.3625,       59, 0.83552632 ,     0.00657895 , -1                 ,          0.98333333, -0.02424755
1       ,     1  ,            27,       3790,     3848,      47.375 ,    48.1   ,       59, 0.82894737 ,     0.00657895 , 0                  ,          1         , 0
1       ,     1  ,            28,       3849,     3906,      48.1125,    48.825 ,       58, 0.82236842 ,     0.00657895 , -1                 ,          0.98305085, -0.02466205
1       ,     1  ,            29,       3907,     3964,      48.8375,    49.55  ,       58, 0.81578947 ,     0.00657894 , 0                  ,          1         , 0
1       ,     1  ,            30,       3965,     4021,      49.5625,    50.2625,       57, 0.80921053 ,     0.00657895 , -1                 ,          0.98275862, -0.02509098
1       ,     1  ,            31,       4022,     4078,      50.275 ,    50.975 ,       57, 0.80263158 ,     0.00657895 , 0                  ,          1         , 0
1       ,     1  ,            32,       4079,     4134,      50.9875,    51.675 ,       56, 0.79605263 ,     0.00657895 , -1                 ,          0.98245614, -0.02553509
1       ,     1  ,            33,       4135,     4190,      51.6875,    52.375 ,       56, 0.78947368 ,     0.00657894 , 0                  ,          1         , 0
1       ,     1  ,            34,       4191,     4246,      52.3875,    53.075 ,       56, 0.78289474 ,     0.00657895 , 0                  ,          1         , 0
1       ,     1  ,            35,       4247,     4301,      53.0875,    53.7625,       55, 0.77631579 ,     0.00657895 , -1                 ,          0.98214286, -0.02599521
1       ,     1  ,            36,       4302,     4356,      53.775 ,    54.45  ,       55, 0.76973684 ,     0.00657895 , 0                  ,          1         , 0
1       ,     1  ,            37,       4357,     4410,      54.4625,    55.125 ,       54, 0.76315789 ,     0.00657894 , -1                 ,          0.98181818, -0.02647221
1       ,     1  ,            38,       4411,     4464,      55.1375,    55.8   ,       54, 0.75657895 ,     0.00657895 , 0                  ,          1         , 0
1       ,     1  ,            39,       4465,     4517,      55.8125,    56.4625,       53, 0.75       ,     0.00657895 , -1                 ,          0.98148148, -0.02696705
1       ,     1  ,            40,       4518,     4569,      56.475 ,    57.1125,       52, 0.74342105 ,     0.00657894 , -1                 ,          0.98113208, -0.02748074
1       ,     1  ,            41,       4570,     4620,      57.125 ,    57.75  ,       51, 0.73684211 ,     0.00657895 , -1                 ,          0.98076923, -0.02801438
1       ,     1  ,            42,       4621,     4670,      57.7625,    58.375 ,       50, 0.73026316 ,     0.00657895 , -1                 ,          0.98039216, -0.02856915
1       ,     1  ,            43,       4671,     4720,      58.3875,    59     ,       50, 0.72368421 ,     0.00657895 , 0                  ,          1         , 0
1       ,     1  ,            44,       4721,     4769,      59.0125,    59.6125,       49, 0.71710526 ,     0.00657894 , -1                 ,          0.98      , -0.02914635
1       ,     1  ,            45,       4770,     4817,      59.625 ,    60.2125,       48, 0.71052632 ,     0.00657895 , -1                 ,          0.97959184, -0.02974734
1       ,     1  ,            46,       4818,     4864,      60.225 ,    60.8   ,       47, 0.70394737 ,     0.00657895 , -1                 ,          0.97916667, -0.03037365
1       ,     1  ,            47,       4865,     4911,      60.8125,    61.3875,       47, 0.69736842 ,     0.00657895 , 0                  ,          1         , 0
1       ,     1  ,            48,       4912,     4957,      61.4   ,    61.9625,       46, 0.69078947 ,     0.00657894 , -1                 ,          0.9787234 , -0.0310269
1       ,     1  ,            49,       4958,     5003,      61.975 ,    62.5375,       46, 0.68421053 ,     0.00657895 , 0                  ,          1         , 0
1       ,     1  ,            50,       5004,     5048,      62.55  ,    63.1   ,       45, 0.67763158 ,     0.00657895 , -1                 ,          0.97826087, -0.03170886
1       ,     1  ,            51,       5049,     5092,      63.1125,    63.65  ,       44, 0.67105263 ,     0.00657895 , -1                 ,          0.97777778, -0.03242148
1       ,     1  ,            52,       5093,     5136,      63.6625,    64.2   ,       44, 0.66447368 ,     0.00657894 , 0                  ,          1         , 0
1       ,     1  ,            53,       5137,     5179,      64.2125,    64.7375,       43, 0.65789474 ,     0.00657895 , -1                 ,          0.97727273, -0.03316686
1       ,     1  ,            54,       5180,     5222,      64.75  ,    65.275 ,       43, 0.65131579 ,     0.00657895 , 0                  ,          1         , 0
1       ,     1  ,            55,       5223,     5264,      65.2875,    65.8   ,       42, 0.64473684 ,     0.00657895 , -1                 ,          0.97674419, -0.03394733
1       ,     1  ,            56,       5265,     5306,      65.8125,    66.325 ,       42, 0.63815789 ,     0.00657894 , 0                  ,          1         , 0
1       ,     1  ,            57,       5307,     5347,      66.3375,    66.8375,       41, 0.63157895 ,     0.00657895 , -1                 ,          0.97619048, -0.03476542
1       ,     1  ,            58,       5348,     5388,      66.85  ,    67.35  ,       41, 0.625      ,     0.00657895 , 0                  ,          1         , 0
1       ,     1  ,            59,       5389,     5429,      67.3625,    67.8625,       41, 0.61842105 ,     0.00657894 , 0                  ,          1         , 0
1       ,     1  ,            60,       5430,     5469,      67.875 ,    68.3625,       40, 0.61184211 ,     0.00657895 , -1                 ,          0.97560976, -0.03562391
1       ,     1  ,            61,       5470,     5508,      68.375 ,    68.85  ,       39, 0.60526316 ,     0.00657895 , -1                 ,          0.975     , -0.03652588
1       ,     1  ,            62,       5509,     5547,      68.8625,    69.3375,       39, 0.59868421 ,     0.00657895 , 0                  ,          1         , 0
1       ,     1  ,            63,       5548,     5586,      69.35  ,    69.825 ,       39, 0.59210526 ,     0.00657894 , 0                  ,          1         , 0
1       ,     1  ,            64,       5587,     5625,      69.8375,    70.3125,       39, 0.58552632 ,     0.00657895 , 0                  ,          1         , 0
1       ,     1  ,            65,       5626,     5660,      70.325 ,    70.75  ,       35, 0.57894737 ,     0.00657895 , -4                 ,          0.8974359 , -0.1561192
1       ,     1  ,            66,       5661,     5692,      70.7625,    71.15  ,       32, 0.57236842 ,     0.00657895 , -3                 ,          0.91428571, -0.12928302
1       ,     1  ,            67,       5693,     5723,      71.1625,    71.5375,       31, 0.56578947 ,     0.00657894 , -1                 ,          0.96875   , -0.04580369
1       ,     1  ,            68,       5724,     5755,      71.55  ,    71.9375,       32, 0.55921053 ,     0.00657895 , 1                  ,          1.03225806, 0.04580369
1       ,     1  ,            69,       5756,     5786,      71.95  ,    72.325 ,       31, 0.55263158 ,     0.00657895 , -1                 ,          0.96875   , -0.04580369
1       ,     1  ,            70,       5787,     5817,      72.3375,    72.7125,       31, 0.54605263 ,     0.00657895 , 0                  ,          1         , 0
1       ,     1  ,            71,       5818,     5848,      72.725 ,    73.1   ,       31, 0.53947368 ,     0.00657894 , 0                  ,          1         , 0
1       ,     1  ,            72,       5849,     5879,      73.1125,    73.4875,       31, 0.53289474 ,     0.00657895 , 0                  ,          1         , 0
1       ,     1  ,            73,       5880,     5909,      73.5   ,    73.8625,       30, 0.52631579 ,     0.00657895 , -1                 ,          0.96774194, -0.04730571
1       ,     1  ,            74,       5910,     5939,      73.875 ,    74.2375,       30, 0.51973684 ,     0.00657895 , 0                  ,          1         , 0
1       ,     1  ,            75,       5940,     5969,      74.25  ,    74.6125,       30, 0.51315789 ,     0.00657894 , 0                  ,          1         , 0
1       ,     1  ,            76,       5970,     5999,      74.625 ,    74.9875,       30, 0.50657895 ,     0.00657895 , 0                  ,          1         , 0
1       ,     1  ,            77,       6000,     6029,      75     ,    75.3625,       30, 0.5        ,     0.00657895 , 0                  ,          1         , 0
1       ,     1  ,            78,       6030,     6058,      75.375 ,    75.725 ,       29, 0.49342105 ,     0.00657894 , -1                 ,          0.96666667, -0.0489096
1       ,     1  ,            79,       6059,     6087,      75.7375,    76.0875,       29, 0.48684211 ,     0.00657895 , 0                  ,          1         , 0
1       ,     1  ,            80,       6088,     6116,      76.1   ,    76.45  ,       29, 0.48026316 ,     0.00657895 , 0                  ,          1         , 0
1       ,     1  ,            81,       6117,     6145,      76.4625,    76.8125,       29, 0.47368421 ,     0.00657895 , 0                  ,          1         , 0
1       ,     1  ,            82,       6146,     6174,      76.825 ,    77.175 ,       29, 0.46710526 ,     0.00657894 , 0                  ,          1         , 0
1       ,     1  ,            83,       6175,     6202,      77.1875,    77.525 ,       28, 0.46052632 ,     0.00657895 , -1                 ,          0.96551724, -0.05062607
1       ,     1  ,            84,       6203,     6231,      77.5375,    77.8875,       29, 0.45394737 ,     0.00657895 , 1                  ,          1.03571429, 0.05062607
1       ,     1  ,            85,       6232,     6259,      77.9   ,    78.2375,       28, 0.44736842 ,     0.00657895 , -1                 ,          0.96551724, -0.05062607
1       ,     1  ,            86,       6260,     6287,      78.25  ,    78.5875,       28, 0.44078947 ,     0.00657894 , 0                  ,          1         , 0
1       ,     1  ,            87,       6288,     6315,      78.6   ,    78.9375,       28, 0.43421053 ,     0.00657895 , 0                  ,          1         , 0
1       ,     1  ,            88,       6316,     6343,      78.95  ,    79.2875,       28, 0.42763158 ,     0.00657895 , 0                  ,          1         , 0
1       ,     1  ,            89,       6344,     6370,      79.3   ,    79.625 ,       27, 0.42105263 ,     0.00657895 , -1                 ,          0.96428571, -0.05246742
1       ,     1  ,            90,       6371,     6397,      79.6375,    79.9625,       27, 0.41447368 ,     0.00657894 , 0                  ,          1         , 0
1       ,     1  ,            91,       6398,     6425,      79.975 ,    80.3125,       28, 0.40789474 ,     0.00657895 , 1                  ,          1.03703704, 0.05246742
1       ,     1  ,            92,       6426,     6452,      80.325 ,    80.65  ,       27, 0.40131579 ,     0.00657895 , -1                 ,          0.96428571, -0.05246742
1       ,     1  ,            93,       6453,     6479,      80.6625,    80.9875,       27, 0.39473684 ,     0.00657895 , 0                  ,          1         , 0
1       ,     1  ,            94,       6480,     6506,      81     ,    81.325 ,       27, 0.38815789 ,     0.00657894 , 0                  ,          1         , 0
1       ,     1  ,            95,       6507,     6532,      81.3375,    81.65  ,       26, 0.38157895 ,     0.00657895 , -1                 ,          0.96296296, -0.05444778
1       ,     1  ,            96,       6533,     6559,      81.6625,    81.9875,       27, 0.375      ,     0.00657895 , 1                  ,          1.03846154, 0.05444778
1       ,     1  ,            97,       6560,     6585,      82     ,    82.3125,       26, 0.36842105 ,     0.00657894 , -1                 ,          0.96296296, -0.05444778
1       ,     1  ,            98,       6586,     6611,      82.325 ,    82.6375,       26, 0.36184211 ,     0.00657895 , 0                  ,          1         , 0
1       ,     1  ,            99,       6612,     6637,      82.65  ,    82.9625,       26, 0.35526316 ,     0.00657895 , 0                  ,          1         , 0
1       ,     1  ,           100,       6638,     6663,      82.975 ,    83.2875,       26, 0.34868421 ,     0.00657895 , 0                  ,          1         , 0
1       ,     1  ,           101,       6664,     6689,      83.3   ,    83.6125,       26, 0.34210526 ,     0.00657894 , 0                  ,          1         , 0
1       ,     1  ,           102,       6690,     6715,      83.625 ,    83.9375,       26, 0.33552632 ,     0.00657895 , 0                  ,          1         , 0
1       ,     1  ,           103,       6716,     6740,      83.95  ,    84.25  ,       25, 0.32894737 ,     0.00657895 , -1                 ,          0.96153846, -0.05658353
1       ,     1  ,           104,       6741,     6766,      84.2625,    84.575 ,       26, 0.32236842 ,     0.00657895 , 1                  ,          1.04      , 0.05658353
1       ,     1  ,           105,       6767,     6791,      84.5875,    84.8875,       25, 0.31578947 ,     0.00657894 , -1                 ,          0.96153846, -0.05658353
1       ,     1  ,           106,       6792,     6816,      84.9   ,    85.2   ,       25, 0.30921053 ,     0.00657895 , 0                  ,          1         , 0
1       ,     1  ,           107,       6817,     6841,      85.2125,    85.5125,       25, 0.30263158 ,     0.00657895 , 0                  ,          1         , 0
1       ,     1  ,           108,       6842,     6866,      85.525 ,    85.825 ,       25, 0.29605263 ,     0.00657895 , 0                  ,          1         , 0
1       ,     1  ,           109,       6867,     6891,      85.8375,    86.1375,       25, 0.28947368 ,     0.00657894 , 0                  ,          1         , 0
1       ,     1  ,           110,       6892,     6916,      86.15  ,    86.45  ,       25, 0.28289474 ,     0.00657895 , 0                  ,          1         , 0
1       ,     1  ,           111,       6917,     6940,      86.4625,    86.75  ,       24, 0.27631579 ,     0.00657895 , -1                 ,          0.96      , -0.05889369
1       ,     1  ,           112,       6941,     6965,      86.7625,    87.0625,       25, 0.26973684 ,     0.00657895 , 1                  ,          1.04166667, 0.05889369
1       ,     1  ,           113,       6966,     6989,      87.075 ,    87.3625,       24, 0.26315789 ,     0.00657894 , -1                 ,          0.96      , -0.05889369
1       ,     1  ,           114,       6990,     7014,      87.375 ,    87.675 ,       25, 0.25657895 ,     0.00657895 , 1                  ,          1.04166667, 0.05889369
1       ,     1  ,           115,       7015,     7038,      87.6875,    87.975 ,       24, 0.25       ,     0.00657895 , -1                 ,          0.96      , -0.05889369
1       ,     1  ,           116,       7039,     7062,      87.9875,    88.275 ,       24, 0.24342105 ,     0.00657894 , 0                  ,          1         , 0
1       ,     1  ,           117,       7063,     7086,      88.2875,    88.575 ,       24, 0.23684211 ,     0.00657895 , 0                  ,          1         , 0
1       ,     1  ,           118,       7087,     7110,      88.5875,    88.875 ,       24, 0.23026316 ,     0.00657895 , 0                  ,          1         , 0
1       ,     1  ,           119,       7111,     7133,      88.8875,    89.1625,       23, 0.22368421 ,     0.00657895 , -1                 ,          0.95833333, -0.06140054
1       ,     1  ,           120,       7134,     7157,      89.175 ,    89.4625,       24, 0.21710526 ,     0.00657894 , 1                  ,          1.04347826, 0.06140054
1       ,     1  ,           121,       7158,     7180,      89.475 ,    89.75  ,       23, 0.21052632 ,     0.00657895 , -1                 ,          0.95833333, -0.06140054
1       ,     1  ,           122,       7181,     7204,      89.7625,    90.05  ,       24, 0.20394737 ,     0.00657895 , 1                  ,          1.04347826, 0.06140054
1       ,     1  ,           123,       7205,     7227,      90.0625,    90.3375,       23, 0.19736842 ,     0.00657895 , -1                 ,          0.95833333, -0.06140054
1       ,     1  ,           124,       7228,     7250,      90.35  ,    90.625 ,       23, 0.19078947 ,     0.00657894 , 0                  ,          1         , 0
1       ,     1  ,           125,       7251,     7274,      90.6375,    90.925 ,       24, 0.18421053 ,     0.00657895 , 1                  ,          1.04347826, 0.06140054
1       ,     1  ,           126,       7275,     7297,      90.9375,    91.2125,       23, 0.17763158 ,     0.00657895 , -1                 ,          0.95833333, -0.06140054
1       ,     1  ,           127,       7298,     7320,      91.225 ,    91.5   ,       23, 0.17105263 ,     0.00657895 , 0                  ,          1         , 0
1       ,     1  ,           128,       7321,     7342,      91.5125,    91.775 ,       22, 0.16447368 ,     0.00657894 , -1                 ,          0.95652174, -0.06413034
1       ,     1  ,           129,       7343,     7365,      91.7875,    92.0625,       23, 0.15789474 ,     0.00657895 , 1                  ,          1.04545455, 0.06413034
1       ,     1  ,           130,       7366,     7388,      92.075 ,    92.35  ,       23, 0.15131579 ,     0.00657895 , 0                  ,          1         , 0
1       ,     1  ,           131,       7389,     7410,      92.3625,    92.625 ,       22, 0.14473684 ,     0.00657895 , -1                 ,          0.95652174, -0.06413034
1       ,     1  ,           132,       7411,     7433,      92.6375,    92.9125,       23, 0.13815789 ,     0.00657894 , 1                  ,          1.04545455, 0.06413034
1       ,     1  ,           133,       7434,     7455,      92.925 ,    93.1875,       22, 0.13157895 ,     0.00657895 , -1                 ,          0.95652174, -0.06413034
1       ,     1  ,           134,       7456,     7478,      93.2   ,    93.475 ,       23, 0.125      ,     0.00657895 , 1                  ,          1.04545455, 0.06413034
1       ,     1  ,           135,       7479,     7500,      93.4875,    93.75  ,       22, 0.11842105 ,     0.00657894 , -1                 ,          0.95652174, -0.06413034
1       ,     1  ,           136,       7501,     7522,      93.7625,    94.025 ,       22, 0.11184211 ,     0.00657895 , 0                  ,          1         , 0
1       ,     1  ,           137,       7523,     7544,      94.0375,    94.3   ,       22, 0.10526316 ,     0.00657895 , 0                  ,          1         , 0
1       ,     1  ,           138,       7545,     7566,      94.3125,    94.575 ,       22, 0.09868421 ,     0.00657895 , 0                  ,          1         , 0
1       ,     1  ,           139,       7567,     7588,      94.5875,    94.85  ,       22, 0.09210526 ,     0.00657894 , 0                  ,          1         , 0
1       ,     1  ,           140,       7589,     7610,      94.8625,    95.125 ,       22, 0.08552632 ,     0.00657895 , 0                  ,          1         , 0
1       ,     1  ,           141,       7611,     7631,      95.1375,    95.3875,       21, 0.07894737 ,     0.00657895 , -1                 ,          0.95454545, -0.0671142
1       ,     1  ,           142,       7632,     7653,      95.4   ,    95.6625,       22, 0.07236842 ,     0.00657895 , 1                  ,          1.04761905, 0.0671142
1       ,     1  ,           143,       7654,     7675,      95.675 ,    95.9375,       22, 0.06578947 ,     0.00657894 , 0                  ,          1         , 0
1       ,     1  ,           144,       7676,     7696,      95.95  ,    96.2   ,       21, 0.05921053 ,     0.00657895 , -1                 ,          0.95454545, -0.0671142
1       ,     1  ,           145,       7697,     7718,      96.2125,    96.475 ,       22, 0.05263158 ,     0.00657895 , 1                  ,          1.04761905, 0.0671142
1       ,     1  ,           146,       7719,     7739,      96.4875,    96.7375,       21, 0.04605263 ,     0.00657895 , -1                 ,          0.95454545, -0.0671142
1       ,     1  ,           147,       7740,     7760,      96.75  ,    97     ,       21, 0.03947368 ,     0.00657894 , 0                  ,          1         , 0
1       ,     1  ,           148,       7761,     7781,      97.0125,    97.2625,       21, 0.03289474 ,     0.00657895 , 0                  ,          1         , 0
1       ,     1  ,           149,       7782,     7802,      97.275 ,    97.525 ,       21, 0.02631579 ,     0.00657895 , 0                  ,          1         , 0
1       ,     1  ,           150,       7803,     7823,      97.5375,    97.7875,       21, 0.01973684 ,     0.00657895 , 0                  ,          1         , 0
1       ,     1  ,           151,       7824,     7844,      97.8   ,    98.05  ,       21, 0.01315789 ,     0.00657894 , 0                  ,          1         , 0
1       ,     1  ,           152,       7845,     7866,      98.0625,    98.325 ,       22, 0.00657895 ,                , 1                  ,          1.04761905, 0.0671142
