in,out01,out8
0,0,0
1,0.00073531045123419127,0
2,0.0014707189039911755,0
3,0.0022063233597937456,1
4,0.0029422218201646945,1
# NOTE: このファイルはGIMP .crvのalpha channel samples(256)から生成する想定のテンプレートです。
# 現状は先頭数行のみで、実運用にはin=0..255の256行が必要です。
